Date,Close,Next Day Close,Rendement
2020-03-23,1559.990966796875,1591.242919921875,0.020033419289067773
2020-03-24,1591.242919921875,1635.294921875,0.02768402071211592
2020-03-25,1635.294921875,1673.2740478515625,0.023224633959614032
2020-03-26,1673.2740478515625,1704.61962890625,0.018733082662062653
2020-03-27,1704.61962890625,1661.6422119140625,-0.025212320838850995
2020-03-30,1661.6422119140625,1706.1143798828125,0.026763985441560285
2020-03-31,1706.1143798828125,1596.4752197265625,-0.0642624911020214
2020-04-01,1596.4752197265625,1545.509033203125,-0.03192419518554555
2020-04-03,1545.509033203125,1658.5589599609375,0.07314737366724562
2020-04-07,1658.5589599609375,1593.391845703125,-0.03929140647453819
2020-04-08,1593.391845703125,1650.103515625,0.035591791231270875
2020-04-09,1650.103515625,1643.656982421875,-0.0039067447236383135
2020-04-13,1643.656982421875,1621.1405029296875,-0.013699013682897634
2020-04-15,1621.1405029296875,1603.2955322265625,-0.011007664462689066
2020-04-16,1603.2955322265625,1687.5220947265625,0.05253339812095098
2020-04-17,1687.5220947265625,1699.1539306640625,0.006892849565554734
2020-04-20,1699.1539306640625,1623.4761962890625,-0.044538480598649274
2020-04-21,1623.4761962890625,1653.233642578125,0.018329462641387653
2020-04-22,1653.233642578125,1754.8380126953125,0.06145796183940534
2020-04-23,1754.8380126953125,1699.060546875,-0.03178496557334206
2020-04-24,1699.060546875,1715.92431640625,0.009925349371608161
2020-04-27,1715.92431640625,1736.8997802734375,0.012224002927540249
2020-04-28,1736.8997802734375,1780.4375,0.025066339590248794
2020-04-29,1780.4375,1882.0888671875,0.05709347684908906
2020-04-30,1882.0888671875,1803.6082763671875,-0.041698663749916334
2020-05-04,1803.6082763671875,1805.757080078125,0.0011913915782564505
2020-05-05,1805.757080078125,1778.5224609375,-0.015082105694663377
2020-05-06,1778.5224609375,1767.357421875,-0.006277704840800634
2020-05-07,1767.357421875,1768.992431640625,0.000925115511660572
2020-05-08,1768.992431640625,1808.1395263671875,0.02212959989334501
2020-05-11,1808.1395263671875,1821.40625,0.0073372233941853245
2020-05-12,1821.40625,1821.5465087890625,7.700576906579737e-05
2020-05-13,1821.5465087890625,1777.3544921875,-0.024260712745095215
2020-05-14,1777.3544921875,1768.525390625,-0.004967552393914103
2020-05-15,1768.525390625,1817.7625732421875,0.027840811830124188
2020-05-18,1817.7625732421875,1820.6124267578125,0.0015677809399177805
2020-05-19,1820.6124267578125,1825.23681640625,0.0025400187214325
2020-05-20,1825.23681640625,1860.3662109375,0.01924648583432426
2020-05-21,1860.3662109375,1887.601318359375,0.014639648506704671
2020-05-22,1887.601318359375,1815.3336181640625,-0.03828546817191492
2020-05-26,1815.3336181640625,1873.5400390625,0.03206375969465302
2020-05-27,1873.5400390625,1872.60546875,-0.0004988259087153799
2020-05-28,1872.60546875,1842.7548828125,-0.01594067006406098
2020-05-29,1842.7548828125,1910.865234375,0.03696115647163379
2020-06-01,1910.865234375,1912.640380859375,0.0009289752372074577
2020-06-02,1912.640380859375,1917.3258056640625,0.002449715509291023
2020-06-03,1917.3258056640625,1959.8671875,0.022187873187887005
2020-06-04,1959.8671875,1919.29296875,-0.02070253484969884
2020-06-05,1919.29296875,1941.3135986328125,0.011473303055527854
2020-06-08,1941.3135986328125,1941.5948486328125,0.0001448761293374099
2020-06-09,1941.5948486328125,1975.9840087890625,0.01771181056669231
2020-06-10,1975.9840087890625,1937.4715576171875,-0.019490264597574598
2020-06-11,1937.4715576171875,1911.0941162109375,-0.013614363164479419
2020-06-12,1911.0941162109375,1902.098388671875,-0.004707108594367937
2020-06-15,1902.098388671875,1916.99755859375,0.007833017477228518
2020-06-16,1916.99755859375,1918.8714599609375,0.0009775189116892438
2020-06-17,1918.8714599609375,1909.7822265625,-0.004736759907108384
2020-06-18,1909.7822265625,1915.8731689453125,0.0031893387099825783
2020-06-19,1915.8731689453125,1900.271240234375,-0.008143508121430791
2020-06-22,1900.271240234375,1907.1585693359375,0.0036243926423435388
2020-06-23,1907.1585693359375,1913.6240234375,0.0033900978164672154
2020-06-24,1913.6240234375,1889.167236328125,-0.012780351213109534
2020-06-25,1889.167236328125,1985.4481201171875,0.05096472241187
2020-06-26,1985.4481201171875,1969.331298828125,-0.008117472889753088
2020-06-29,1969.331298828125,1951.058837890625,-0.00927851040014103
2020-06-30,1951.058837890625,1960.3355712890625,0.004754717396665998
2020-07-01,1960.3355712890625,2021.33642578125,0.031117557312942613
2020-07-02,2021.33642578125,2061.16162109375,0.01970240817141931
2020-07-03,2061.16162109375,2120.710205078125,0.028890788269566023
2020-07-06,2120.710205078125,2126.98828125,0.002960364955495521
2020-07-07,2126.98828125,2079.198974609375,-0.022468062970492683
2020-07-08,2079.198974609375,2065.5654296875,-0.006557114104212355
2020-07-09,2065.5654296875,2082.4326171875,0.008165893589026536
2020-07-10,2082.4326171875,2080.22998046875,-0.0010577229248958104
2020-07-13,2080.22998046875,2035.205322265625,-0.021644077157747403
2020-07-14,2035.205322265625,2093.2548828125,0.028522704766835636
2020-07-15,2093.2548828125,2098.748779296875,0.002624571202238589
2020-07-16,2098.748779296875,2066.81787109375,-0.015214259333040577
2020-07-17,2066.81787109375,2073.53271484375,0.0032488802443180623
2020-07-20,2073.53271484375,2089.6396484375,0.007767870493889811
2020-07-21,2089.6396484375,2057.61376953125,-0.015326029504750698
2020-07-22,2057.61376953125,2039.06640625,-0.009014015922665273
2020-07-23,2039.06640625,2026.1058349609375,-0.006356130064884933
2020-07-24,2026.1058349609375,2072.5,0.022898194279153714
2020-07-27,2072.5,2169.18359375,0.04665070868516285
2020-07-28,2169.18359375,2137.53564453125,-0.01458979742882817
2020-07-29,2137.53564453125,2140.775146484375,0.0015155311965969135
2020-07-30,2140.775146484375,2142.5595703125,0.0008335409868035032
2020-07-31,2142.5595703125,2116.968017578125,-0.011944383292289222
2020-08-03,2116.968017578125,2112.789306640625,-0.0019739131166849515
2020-08-04,2112.789306640625,2121.9921875,0.004355796780327214
2020-08-05,2121.9921875,2167.634521484375,0.021509190398173887
2020-08-06,2167.634521484375,2155.66064453125,-0.00552393719256944
2020-08-07,2155.66064453125,2143.874755859375,-0.005467413760962292
2020-08-10,2143.874755859375,2141.15087890625,-0.0012705392167524873
2020-08-11,2141.15087890625,2119.9736328125,-0.009890590290660802
2020-08-12,2119.9736328125,2117.24951171875,-0.0012849787618046916
2020-08-13,2117.24951171875,2105.697998046875,-0.005455905696489056
2020-08-14,2105.697998046875,2116.263671875,0.005017658675614981
2020-08-17,2116.263671875,2131.61865234375,0.007255702903573238
2020-08-18,2131.61865234375,2119.268798828125,-0.005793650520953235
2020-08-19,2119.268798828125,2115.7470703125,-0.00166176584941579
2020-08-20,2115.7470703125,2111.756103515625,-0.001886315643715166
2020-08-21,2111.756103515625,2111.286376953125,-0.0002224340972511007
2020-08-24,2111.286376953125,2106.16796875,-0.002424307881203479
2020-08-25,2106.16796875,2116.357421875,0.004837910972051953
2020-08-26,2116.357421875,2111.567626953125,-0.0022632258957617146
2020-08-27,2111.567626953125,2102.317626953125,-0.00438063166053897
2020-08-28,2102.317626953125,2119.879638671875,0.008353643376049939
2020-08-31,2119.879638671875,2109.643310546875,-0.004828730810119559
2020-09-01,2109.643310546875,2127.298583984375,0.008368842898339668
2020-09-02,2127.298583984375,2159.558349609375,0.015164662764254887
2020-09-03,2159.558349609375,2149.509521484375,-0.004653186669773313
2020-09-04,2149.509521484375,2185.431884765625,0.016711888420221227
2020-09-07,2185.431884765625,2205.294189453125,0.009088503204312917
2020-09-08,2205.294189453125,2185.994873046875,-0.008751356847784511
2020-09-09,2185.994873046875,2189.28173828125,0.0015036015294005306
2020-09-10,2189.28173828125,2229.6181640625,0.018424502007182098
2020-09-11,2229.6181640625,2339.77978515625,0.04940829011413722
2020-09-14,2339.77978515625,2339.77978515625,0.0
2020-09-15,2339.77978515625,2350.67333984375,0.004655803403640625
2020-09-16,2350.67333984375,2311.182373046875,-0.01679985310060137
2020-09-17,2311.182373046875,2300.8046875,-0.004490206254556149
2020-09-18,2300.8046875,2315.267822265625,0.006286120175346261
2020-09-21,2315.267822265625,2369.409912109375,0.023384806424152173
2020-09-22,2369.409912109375,2317.286865234375,-0.021998323974511142
2020-09-23,2317.286865234375,2190.31494140625,-0.05479335585638975
2020-09-24,2190.31494140625,2274.884765625,0.03861080551477841
2020-09-25,2274.884765625,2278.641845703125,0.0016515474255649968
2020-09-28,2278.641845703125,2336.9619140625,0.025594223361319453
2020-09-29,2336.9619140625,2340.625,0.0015674564123007927
2020-09-30,2340.625,2369.879150390625,0.01249843541388518
2020-10-01,2369.879150390625,2541.131591796875,0.07226209884078799
2020-10-05,2541.131591796875,2549.115234375,0.003141766685321337
2020-10-06,2549.115234375,2569.447265625,0.007976113035543122
2020-10-07,2569.447265625,2653.734619140625,0.03280369075608278
2020-10-08,2653.734619140625,2641.76123046875,-0.004511901297708666
2020-10-09,2641.76123046875,2657.772705078125,0.006060909072593949
2020-10-12,2657.772705078125,2654.533447265625,-0.0012187866202067804
2020-10-13,2654.533447265625,2649.86474609375,-0.001758765246180689
2020-10-14,2649.86474609375,2584.7880859375,-0.024558483693245692
2020-10-15,2584.7880859375,2606.197021484375,0.008282665671259468
2020-10-16,2606.197021484375,2557.389404296875,-0.01872752396889063
2020-10-19,2557.389404296875,2583.2783203125,0.010123181073686689
2020-10-20,2583.2783203125,2523.29443359375,-0.023220063532098906
2020-10-21,2523.29443359375,2519.2861328125,-0.0015885188537198413
2020-10-22,2519.2861328125,2534.0458984375,0.005858709510111255
2020-10-23,2534.0458984375,2535.3662109375,0.0005210294339238719
2020-10-26,2535.3662109375,2480.616455078125,-0.02159441725743053
2020-10-27,2480.616455078125,2473.118896484375,-0.0030224578162422414
2020-10-28,2473.118896484375,2482.97509765625,0.003985332523190023
2020-10-29,2482.97509765625,2513.344482421875,0.012231046857574817
2020-10-30,2513.344482421875,2456.519775390625,-0.022609199585921204
2020-11-02,2456.519775390625,2483.870849609375,0.011134074511735105
2020-11-03,2483.870849609375,2502.30908203125,0.007423184834579737
2020-11-04,2502.30908203125,2533.009521484375,0.012268843874476094
2020-11-05,2533.009521484375,2553.52197265625,0.008098055296631672
2020-11-06,2553.52197265625,2571.5830078125,0.00707298991340277
2020-11-09,2571.5830078125,2498.9609375,-0.028240220164728606
2020-11-10,2498.9609375,2534.989501953125,0.014417418020614818
2020-11-11,2534.989501953125,2519.192138671875,-0.006231727298704258
2020-11-12,2519.192138671875,2505.798828125,-0.005316510138816164
2020-11-13,2505.798828125,2518.531494140625,0.005081280217994355
2020-11-14,2518.531494140625,2514.47607421875,-0.001610231967045063
2020-11-17,2514.47607421875,2477.316162109375,-0.014778391606259614
2020-11-18,2477.316162109375,2486.9833984375,0.003902302207520247
2020-11-19,2486.9833984375,2509.006103515625,0.0088551878118532
2020-11-20,2509.006103515625,2569.366943359375,0.024057669592422375
2020-11-23,2569.366943359375,2567.29248046875,-0.0008073828831598099
2020-11-24,2567.29248046875,2547.7216796875,-0.007623128619017596
2020-11-25,2547.7216796875,2565.924560546875,0.007144768207808217
2020-11-26,2565.924560546875,2527.30224609375,-0.015052007002455845
2020-11-27,2527.30224609375,2571.772216796875,0.01759582605201206
2020-12-01,2571.772216796875,2593.22900390625,0.008343191115152214
2020-12-02,2593.22900390625,2555.408203125,-0.014584443072431907
2020-12-03,2555.408203125,2572.4794921875,0.006680454825817487
2020-12-04,2572.4794921875,2582.052001953125,0.0037211218960914033
2020-12-07,2582.052001953125,2638.264404296875,0.021770437737593826
2020-12-08,2638.264404296875,2650.99609375,0.004825782219700655
2020-12-09,2650.99609375,2626.0029296875,-0.009427838887210733
2020-12-10,2626.0029296875,2625.3427734375,-0.00025139204626803673
2020-12-11,2625.3427734375,2638.641357421875,0.0050654657818119736
2020-12-14,2638.641357421875,2604.547119140625,-0.012921133895423476
2020-12-15,2604.547119140625,2654.203125,0.01906512095498548
2020-12-16,2654.203125,2676.838623046875,0.008528170972926196
2020-12-17,2676.838623046875,2698.343017578125,0.008033504278555618
2020-12-18,2698.343017578125,2659.815185546875,-0.014278329990021184
2020-12-21,2659.815185546875,2709.188720703125,0.018562769106868788
2020-12-22,2709.188720703125,2743.377197265625,0.012619451831183967
2020-12-23,2743.377197265625,2743.943359375,0.00020637413985189653
2020-12-24,2743.943359375,2762.853759765625,0.006891687587506291
2020-12-28,2762.853759765625,2763.8916015625,0.0003756412344325604
2020-12-29,2763.8916015625,2743.896484375,-0.0072344071584414665
2020-12-30,2743.896484375,2699.992431640625,-0.01600062283121274
2020-12-31,2699.992431640625,2761.769287109375,0.022880380976183654
2021-01-01,2761.769287109375,2866.64697265625,0.03797481782290582
2021-01-04,2866.64697265625,2917.15234375,0.01761827374472674
2021-01-05,2917.15234375,2878.01220703125,-0.013417241236169155
2021-01-06,2878.01220703125,2860.375,-0.006128259980329712
2021-01-07,2860.375,2943.465576171875,0.029048840159725562
2021-01-08,2943.465576171875,2995.857666015625,0.017799457302262237
2021-01-11,2995.857666015625,2994.34912109375,-0.0005035435891990512
2021-01-12,2994.34912109375,2979.35302734375,-0.005008131364629371
2021-01-13,2979.35302734375,3071.720947265625,0.031002677116187826
2021-01-14,3071.720947265625,3055.326171875,-0.005337325776685297
2021-01-15,3055.326171875,3044.36474609375,-0.0035876450384094887
2021-01-18,3044.36474609375,3081.17041015625,0.012089768188823517
2021-01-19,3081.17041015625,3126.6220703125,0.014751426927387989
2021-01-20,3126.6220703125,3093.5966796875,-0.01056264232846638
2021-01-21,3093.5966796875,3121.236083984375,0.00893439163493898
2021-01-22,3121.236083984375,3110.08544921875,-0.0035725060410652424
2021-01-25,3110.08544921875,3081.50146484375,-0.009190739239071474
2021-01-27,3081.50146484375,3020.552001953125,-0.019779144545600758
2021-01-28,3020.552001953125,2940.043212890625,-0.026653667611232005
2021-01-29,2940.043212890625,2966.501708984375,0.008999356192365702
2021-02-01,2966.501708984375,3027.07275390625,0.020418341489043798
2021-02-02,3027.07275390625,3023.859619140625,-0.0010614659860681077
2021-02-03,3023.859619140625,3012.8984375,-0.0036248976543891763
2021-02-04,3012.8984375,2984.07763671875,-0.009565805611809641
2021-02-05,2984.07763671875,3037.13623046875,0.017780567468191774
2021-02-08,3037.13623046875,3001.984130859375,-0.011574093798205964
2021-02-09,3001.984130859375,3036.380126953125,0.011457754136729394
2021-02-10,3036.380126953125,3029.482177734375,-0.002271767344779651
2021-02-11,3029.482177734375,3015.119384765625,-0.0047410059297630005
2021-02-12,3015.119384765625,2966.974365234375,-0.01596786507841462
2021-02-15,2966.974365234375,2937.6337890625,-0.009889056176445006
2021-02-16,2937.6337890625,2903.89990234375,-0.011483353318017099
2021-02-17,2903.89990234375,2889.016357421875,-0.005125364310891855
2021-02-18,2889.016357421875,2902.718505859375,0.004742842110360234
2021-02-19,2902.718505859375,2795.561767578125,-0.03691599377099273
2021-02-22,2795.561767578125,2816.114501953125,0.007351915673394482
2021-02-23,2816.114501953125,2785.781982421875,-0.010771053346805603
2021-02-24,2785.781982421875,2830.38330078125,0.016010340594061836
2021-02-25,2830.38330078125,2734.94384765625,-0.03371962133137817
2021-02-26,2734.94384765625,2763.197998046875,0.010330797253785596
2021-03-01,2763.197998046875,2840.82470703125,0.028093067901483814
2021-03-02,2840.82470703125,2890.669677734375,0.01754595085707155
2021-03-03,2890.669677734375,2881.787353515625,-0.0030727565612795006
2021-03-04,2881.787353515625,2842.43115234375,-0.013656872053332651
2021-03-05,2842.43115234375,2841.3916015625,-0.00036572593161766817
2021-03-08,2841.3916015625,2882.968505859375,0.014632585059381321
2021-03-09,2882.968505859375,2901.867919921875,0.006555539550324132
2021-03-10,2901.867919921875,2889.58349609375,-0.00423328151629166
2021-03-12,2889.58349609375,2897.331787109375,0.002681456004333994
2021-03-15,2897.331787109375,2938.815185546875,0.014317793572025582
2021-03-16,2938.815185546875,2941.555419921875,0.000932428275339158
2021-03-17,2941.555419921875,2869.314208984375,-0.024558847488727123
2021-03-18,2869.314208984375,2882.26025390625,0.004511895170399408
2021-03-19,2882.26025390625,2957.3359375,0.026047503341171896
2021-03-22,2957.3359375,2969.572509765625,0.004137701135153842
2021-03-23,2969.572509765625,2949.256591796875,-0.0068413611393356565
2021-03-24,2949.256591796875,2896.103759765625,-0.018022450870870448
2021-03-25,2896.103759765625,2897.9462890625,0.0006362096974813194
2021-03-26,2897.9462890625,2984.64453125,0.02991713218244197
2021-03-30,2984.64453125,3002.882080078125,0.006110459264804619
2021-03-31,3002.882080078125,2990.7392578125,-0.0040437226443833865
2021-04-01,2990.7392578125,3060.570556640625,0.023349176510693653
2021-04-05,3060.570556640625,3084.94970703125,0.007965557382014514
2021-04-06,3084.94970703125,3091.28076171875,0.0020522391898546008
2021-04-07,3091.28076171875,3134.701171875,0.014046090764045735
2021-04-08,3134.701171875,3139.331787109375,0.0014772110579220632
2021-04-09,3139.331787109375,3067.799560546875,-0.022785812845976767
2021-04-12,3067.799560546875,2933.14501953125,-0.043892874471766694
2021-04-13,2933.14501953125,3041.71923828125,0.037016314579410535
2021-04-15,3041.71923828125,3019.229248046875,-0.0073938415983071356
2021-04-16,3019.229248046875,2987.715576171875,-0.010437654542259766
2021-04-19,2987.715576171875,2971.41552734375,-0.005455689610525129
2021-04-20,2971.41552734375,2947.08349609375,-0.008188700310034132
2021-04-22,2947.08349609375,2938.295166015625,-0.002982043124931345
2021-04-23,2938.295166015625,2930.07421875,-0.0027978629787465278
2021-04-26,2930.07421875,2959.55615234375,0.010061838503984141
2021-04-27,2959.55615234375,2952.092041015625,-0.002522037408282987
2021-04-28,2952.092041015625,2943.72900390625,-0.0028329188227132025
2021-04-29,2943.72900390625,2868.51123046875,-0.025551867491093106
2021-04-30,2868.51123046875,2869.787109375,0.0004447878372229715
2021-05-03,2869.787109375,2881.835205078125,0.004198254171456262
2021-05-04,2881.835205078125,2925.254638671875,0.015066591426615917
2021-05-05,2925.254638671875,2940.137451171875,0.005087698111217114
2021-05-06,2940.137451171875,2960.40625,0.006893826960384555
2021-05-07,2960.40625,2972.3134765625,0.0040221596486968636
2021-05-10,2972.3134765625,2950.674072265625,-0.007280323716696636
2021-05-11,2950.674072265625,2917.600830078125,-0.011208707358893512
2021-05-12,2917.600830078125,2883.489013671875,-0.01169173522799436
2021-05-14,2883.489013671875,2900.73388671875,0.00598055791615975
2021-05-17,2900.73388671875,2918.735107421875,0.00620574703027571
2021-05-18,2918.735107421875,2912.30908203125,-0.002201647341783312
2021-05-19,2912.30908203125,2891.5205078125,-0.007138175802497783
2021-05-20,2891.5205078125,2910.89208984375,0.00669944480037772
2021-05-21,2910.89208984375,2911.836669921875,0.00032449848670814275
2021-05-24,2911.836669921875,2956.941162109375,0.015490048824994761
2021-05-25,2956.941162109375,2999.19677734375,0.014290313170868565
2021-05-26,2999.19677734375,3019.612548828125,0.006807079695002975
2021-05-27,3019.612548828125,2985.048095703125,-0.011446651703184253
2021-05-28,2985.048095703125,2999.814208984375,0.004946691915116985
2021-05-31,2999.814208984375,2993.9736328125,-0.0019469793010455808
2021-06-01,2993.9736328125,2971.612060546875,-0.007468860787734737
2021-06-02,2971.612060546875,2982.81640625,0.0037704604352235094
2021-06-03,2982.81640625,2985.19091796875,0.0007960636510428876
2021-06-04,2985.19091796875,3022.651123046875,0.012548679835732083
2021-06-07,3022.651123046875,3038.745361328125,0.005324543794861373
2021-06-08,3038.745361328125,3038.8408203125,3.141394655499477e-05
2021-06-09,3038.8408203125,3054.555908203125,0.005171408711368085
2021-06-10,3054.555908203125,3108.681396484375,0.017719593259332384
2021-06-11,3108.681396484375,3111.102783203125,0.0007789111877107637
2021-06-14,3111.102783203125,3098.1884765625,-0.004151038246100216
2021-06-15,3098.1884765625,3109.203857421875,0.0035554263217700615
2021-06-16,3109.203857421875,3150.4140625,0.013254262817072454
2021-06-17,3150.4140625,3130.99609375,-0.00616362432517551
2021-06-18,3130.99609375,3108.017333984375,-0.007339121186223933
2021-06-21,3108.017333984375,3134.699462890625,0.00858493568053702
2021-06-22,3134.699462890625,3096.906494140625,-0.012056329226263264
2021-06-23,3096.906494140625,3203.447998046875,0.0344025575547171
2021-06-24,3203.447998046875,3210.284423828125,0.0021340835828826104
2021-06-25,3210.284423828125,3168.45654296875,-0.01302933800784451
2021-06-28,3168.45654296875,3172.349609375,0.0012286949034820316
2021-06-29,3172.349609375,3177.00244140625,0.001466683248750341
2021-06-30,3177.00244140625,3172.966796875,-0.0012702679981145013
2021-07-01,3172.966796875,3157.72607421875,-0.004803303542684507
2021-07-02,3157.72607421875,3153.500732421875,-0.0013380963698443628
2021-07-05,3153.500732421875,3097.761474609375,-0.017675359082505268
2021-07-06,3097.761474609375,3109.773193359375,0.0038775479805186314
2021-07-07,3109.773193359375,3094.152587890625,-0.005023069046355637
2021-07-08,3094.152587890625,3046.34228515625,-0.015451824490326345
2021-07-09,3046.34228515625,3032.0517578125,-0.004691044539998901
2021-07-12,3032.0517578125,3026.781494140625,-0.0017381839403946314
2021-07-13,3026.781494140625,3052.419189453125,0.008470282827528371
2021-07-14,3052.419189453125,3048.0419921875,-0.0014340092215215118
2021-07-15,3048.0419921875,3040.286376953125,-0.0025444581322217933
2021-07-16,3040.286376953125,3030.579833984375,-0.0031926410098503874
2021-07-19,3030.579833984375,3050.754638671875,0.006657077454704669
2021-07-20,3050.754638671875,3060.7939453125,0.0032907617391989097
2021-07-22,3060.7939453125,3057.463623046875,-0.0010880583028874823
2021-07-23,3057.463623046875,3042.903564453125,-0.004762136328948492
2021-07-26,3042.903564453125,3029.00927734375,-0.004566127981079184
2021-07-27,3029.00927734375,3043.140625,0.004665336538236786
2021-07-28,3043.140625,3041.23779296875,-0.0006252856064612525
2021-07-29,3041.23779296875,3014.2587890625,-0.008871060319132111
2021-07-30,3014.2587890625,3063.6962890625,0.016401212855176293
2021-08-02,3063.6962890625,3126.02880859375,0.020345528293316546
2021-08-03,3126.02880859375,3115.6083984375,-0.0033334338210842147
2021-08-04,3115.6083984375,3125.124755859375,0.00305441384310285
2021-08-05,3125.124755859375,3149.72412109375,0.007871482630654354
2021-08-06,3149.72412109375,3162.000732421875,0.0038976782905868956
2021-08-09,3162.000732421875,3172.658935546875,0.003370714945039418
2021-08-10,3172.658935546875,3182.460693359375,0.003089445796609228
2021-08-11,3182.460693359375,3189.645263671875,0.0022575519400731504
2021-08-12,3189.645263671875,3295.8955078125,0.033310990833604864
2021-08-13,3295.8955078125,3304.98388671875,0.0027574839325783104
2021-08-16,3304.98388671875,3381.210205078125,0.02306405143628519
2021-08-17,3381.210205078125,3388.34716796875,0.0021107717230671543
2021-08-18,3388.34716796875,3387.348388671875,-0.0002947688791505238
2021-08-20,3387.348388671875,3461.47998046875,0.02188484421761554
2021-08-23,3461.47998046875,3438.450439453125,-0.006653090916477398
2021-08-24,3438.450439453125,3482.03564453125,0.0126758276280571
2021-08-25,3482.03564453125,3494.263916015625,0.003511816860226646
2021-08-26,3494.263916015625,3540.22802734375,0.013154161343524422
2021-08-27,3540.22802734375,3522.289794921875,-0.005066970907897744
2021-08-30,3522.289794921875,3603.321533203125,0.02300541494288016
2021-08-31,3603.321533203125,3535.279296875,-0.018883198654670086
2021-09-01,3535.279296875,3651.18896484375,0.03278656599245441
2021-09-02,3651.18896484375,3656.232666015625,0.0013813859595981884
2021-09-03,3656.232666015625,3665.701171875,0.0025896890937450357
2021-09-06,3665.701171875,3631.347412109375,-0.009371674927897386
2021-09-07,3631.347412109375,3591.6162109375,-0.010941173251389892
2021-09-08,3591.6162109375,3608.0322265625,0.004570648605218044
2021-09-09,3608.0322265625,3659.373046875,0.014229590283181649
2021-09-13,3659.373046875,3697.961669921875,0.010545145999757685
2021-09-14,3697.961669921875,3763.291259765625,0.017666378311901265
2021-09-15,3763.291259765625,3714.52001953125,-0.012959730424217135
2021-09-16,3714.52001953125,3642.719970703125,-0.01932956302579996
2021-09-17,3642.719970703125,3638.579833984375,-0.0011365509158121926
2021-09-20,3638.579833984375,3676.121826171875,0.010317759648107041
2021-09-21,3676.121826171875,3675.3603515625,-0.00020714074380063748
2021-09-22,3675.3603515625,3682.116943359375,0.0018383481211584004
2021-09-23,3682.116943359375,3684.068603515625,0.0005300375263120799
2021-09-24,3684.068603515625,3651.37890625,-0.008873259644087503
2021-09-27,3651.37890625,3596.374755859375,-0.015063939350823159
2021-09-28,3596.374755859375,3608.50830078125,0.003373826629748884
2021-09-29,3608.50830078125,3592.948486328125,-0.004311979675855606
2021-09-30,3592.948486328125,3549.7919921875,-0.012011442497671186
2021-10-01,3549.7919921875,3590.8076171875,0.01155437419721171
2021-10-04,3590.8076171875,3647.906494140625,0.015901402425409716
2021-10-05,3647.906494140625,3626.589111328125,-0.0058437306018508444
2021-10-06,3626.589111328125,3704.623291015625,0.021517237627982185
2021-10-07,3704.623291015625,3745.30615234375,0.01098164594138039
2021-10-08,3745.30615234375,3507.34912109375,-0.06353473429697876
2021-10-11,3507.34912109375,3476.183349609375,-0.00888584808878567
2021-10-12,3476.183349609375,3478.419189453125,0.0006431881229743665
2021-10-13,3478.419189453125,3443.379638671875,-0.010073412338424598
2021-10-14,3443.379638671875,3477.418212890625,0.00988522259830717
2021-10-18,3477.418212890625,3465.023193359375,-0.0035644316479686708
2021-10-19,3465.023193359375,3440.901123046875,-0.006961589855655023
2021-10-20,3440.901123046875,3368.10400390625,-0.02115641122409355
2021-10-21,3368.10400390625,3336.02001953125,-0.009525829468980094
2021-10-22,3336.02001953125,3330.394287109375,-0.0016863605101103325
2021-10-25,3330.394287109375,3320.526123046875,-0.0029630617914208294
2021-10-26,3320.526123046875,3327.34326171875,0.0020530296763994964
2021-10-27,3327.34326171875,3262.412353515625,-0.019514340149439445
2021-10-28,3262.412353515625,3239.624755859375,-0.006984891910335534
2021-10-29,3239.624755859375,3314.61474609375,0.02314773959506999
2021-11-01,3314.61474609375,3322.0517578125,0.0022437032018621365
2021-11-02,3322.0517578125,3329.726806640625,0.0023103339103840016
2021-11-03,3329.726806640625,3345.36328125,0.004696023282808208
2021-11-04,3345.36328125,3339.738525390625,-0.0016813587603177439
2021-11-08,3339.738525390625,3342.55078125,0.0008420586935158557
2021-11-09,3342.55078125,3322.14697265625,-0.006104262860628753
2021-11-10,3322.14697265625,3325.86572265625,0.0011193815416982117
2021-11-11,3325.86572265625,3361.9541015625,0.010850822587457771
2021-11-12,3361.9541015625,3387.9365234375,0.007728369005074883
2021-11-15,3387.9365234375,3390.89208984375,0.0008723795105969682
2021-11-16,3390.89208984375,3357.997314453125,-0.009700920736802558
2021-11-17,3357.997314453125,3313.94677734375,-0.01311809777803499
2021-11-18,3313.94677734375,3297.452392578125,-0.004977263026187118
2021-11-22,3297.452392578125,3303.0302734375,0.0016915728251087542
2021-11-23,3303.0302734375,3283.055419921875,-0.006047432769920377
2021-11-24,3283.055419921875,3285.5341796875,0.0007550161202225413
2021-11-25,3285.5341796875,3286.440185546875,0.0002757560292558496
2021-11-26,3286.440185546875,3339.02392578125,0.01600021216440453
2021-11-29,3339.02392578125,3364.909912109375,0.007752560899086194
2021-11-30,3364.909912109375,3411.2958984375,0.013785208977272983
2021-12-01,3411.2958984375,3473.3662109375,0.018195522859342252
2021-12-02,3473.3662109375,3471.030517578125,-0.0006724581335593089
2021-12-03,3471.030517578125,3371.822998046875,-0.028581575134197033
2021-12-06,3371.822998046875,3417.684326171875,0.013601345074034174
2021-12-07,3417.684326171875,3458.11083984375,0.011828627167903614
2021-12-08,3458.11083984375,3434.131103515625,-0.00693434578551811
2021-12-09,3434.131103515625,3467.550048828125,0.009731412198645534
2021-12-10,3467.550048828125,3441.663818359375,-0.007465279550182231
2021-12-13,3441.663818359375,3455.1552734375,0.003920038617995035
2021-12-14,3455.1552734375,3404.1923828125,-0.014749811974237997
2021-12-15,3404.1923828125,3414.91943359375,0.003151129423651271
2021-12-16,3414.91943359375,3417.540771484375,0.0007676133922334997
2021-12-17,3417.540771484375,3391.3681640625,-0.007658316073434052
2021-12-20,3391.3681640625,3440.376708984375,0.01445096567255852
2021-12-21,3440.376708984375,3461.781494140625,0.006221639944356225
2021-12-22,3461.781494140625,3492.244384765625,0.00879977279806977
2021-12-23,3492.244384765625,3500.062744140625,0.002238777849885415
2021-12-24,3500.062744140625,3524.09033203125,0.006864902045213056
2021-12-27,3524.09033203125,3534.054443359375,0.0028274279003460694
2021-12-28,3534.054443359375,3522.755615234375,-0.0031971290499587337
2021-12-29,3522.755615234375,3559.98828125,0.010569187897851905
2021-12-30,3559.98828125,3564.3740234375,0.001231954107995001
2021-12-31,3564.3740234375,3640.07861328125,0.021239238459812397
2022-01-03,3640.07861328125,3703.960693359375,0.017549642978875183
2022-01-04,3703.960693359375,3681.268798828125,-0.006126386430593887
2022-01-05,3681.268798828125,3630.25830078125,-0.013856770813126551
2022-01-06,3630.25830078125,3674.165283203125,0.012094726816663705
2022-01-07,3674.165283203125,3699.289306640625,0.006838022108683407
2022-01-10,3699.289306640625,3733.6611328125,0.009291467447591581
2022-01-11,3733.6611328125,3680.267822265625,-0.014300523975686775
2022-01-12,3680.267822265625,3716.4990234375,0.009844718624192563
2022-01-13,3716.4990234375,3783.479248046875,0.018022398011401333
2022-01-14,3783.479248046875,3832.106201171875,0.012852443461954344
2022-01-17,3832.106201171875,3804.884521484375,-0.00710358175333854
2022-01-18,3804.884521484375,3739.027587890625,-0.017308523615338963
2022-01-19,3739.027587890625,3654.88037109375,-0.02250510722878798
2022-01-20,3654.88037109375,3661.51904296875,0.0018163855450659603
2022-01-21,3661.51904296875,3602.15673828125,-0.016212480118461763
2022-01-24,3602.15673828125,3600.771728515625,-0.0003844945865087065
2022-01-25,3600.771728515625,3485.534912109375,-0.0320033662488666
2022-01-27,3485.534912109375,3524.504638671875,0.01118041492773811
2022-01-28,3524.504638671875,3568.631591796875,0.012520043991665218
2022-01-31,3568.631591796875,3630.142578125,0.017236575069704246
2022-02-01,3630.142578125,3683.200439453125,0.01461591664411425
2022-02-02,3683.200439453125,3653.017822265625,-0.008194671369006857
2022-02-03,3653.017822265625,3643.7529296875,-0.0025362297773786537
2022-02-04,3643.7529296875,3609.4638671875,-0.00941036979226271
2022-02-07,3609.4638671875,3575.508544921875,-0.009407303553943883
2022-02-08,3575.508544921875,3591.841064453125,0.004567887148373985
2022-02-09,3591.841064453125,3601.2021484375,0.0026062077403751355
2022-02-10,3601.2021484375,3529.18408203125,-0.019998340397941117
2022-02-11,3529.18408203125,3566.24365234375,0.010500889001848288
2022-02-14,3566.24365234375,3646.5234375,0.02251102083378117
2022-02-15,3646.5234375,3642.03369140625,-0.0012312401581129285
2022-02-16,3642.03369140625,3614.430419921875,-0.0075790818600903484
2022-02-17,3614.430419921875,3623.695068359375,0.0025632388401877863
2022-02-18,3623.695068359375,3552.537109375,-0.019636850684732615
2022-02-21,3552.537109375,3425.50439453125,-0.035758307635553155
2022-02-22,3425.50439453125,3403.91845703125,-0.006301535486120387
2022-02-23,3403.91845703125,3249.042236328125,-0.045499392144135356
2022-02-24,3249.042236328125,3362.799560546875,0.03501257168860685
2022-02-25,3362.799560546875,3394.74853515625,0.009500707382089494
2022-02-28,3394.74853515625,3387.0595703125,-0.002264958586511652
2022-03-02,3387.0595703125,3385.38818359375,-0.0004934624514430353
2022-03-03,3385.38818359375,3366.238037109375,-0.005656706246326592
2022-03-04,3366.238037109375,3328.557373046875,-0.01119370158827413
2022-03-07,3328.557373046875,3438.4462890625,0.0330139768373695
2022-03-08,3438.4462890625,3469.631591796875,0.009069591353971023
2022-03-09,3469.631591796875,3458.504638671875,-0.003206955214296254
2022-03-10,3458.504638671875,3437.6826171875,-0.006020527268215841
2022-03-11,3437.6826171875,3479.565185546875,0.012183372644691886
2022-03-14,3479.565185546875,3432.66748046875,-0.013478036069829858
2022-03-15,3432.66748046875,3491.886474609375,0.017251596455983648
2022-03-16,3491.886474609375,3507.979736328125,0.0046087585709814055
2022-03-17,3507.979736328125,3463.996337890625,-0.012538099345903957
2022-03-21,3463.996337890625,3534.9150390625,0.020473087802125225
2022-03-22,3534.9150390625,3545.851318359375,0.0030937884435761225
2022-03-23,3545.851318359375,3581.621337890625,0.010087850933298687
2022-03-24,3581.621337890625,3541.12353515625,-0.011307114547800283
2022-03-25,3541.12353515625,3541.362548828125,6.749656415600131e-05
2022-03-28,3541.362548828125,3539.117919921875,-0.0006338319997744291
2022-03-29,3539.117919921875,3564.142578125,0.007070874373035135
2022-03-30,3564.142578125,3572.165283203125,0.0022509495347813866
2022-03-31,3572.165283203125,3590.12255859375,0.005027000143320045
2022-04-01,3590.12255859375,3601.2021484375,0.0030861313681976007
2022-04-04,3601.2021484375,3643.657470703125,0.01178920830202371
2022-04-05,3643.657470703125,3586.874755859375,-0.015583988149356012
2022-04-06,3586.874755859375,3518.86865234375,-0.018959709536702656
2022-04-07,3518.86865234375,3520.302001953125,0.0004073325125165767
2022-04-08,3520.302001953125,3530.5693359375,0.0029166060124041927
2022-04-11,3530.5693359375,3525.5078125,-0.0014336281080728228
2022-04-12,3525.5078125,3497.664794921875,-0.007897590661806255
2022-04-13,3497.664794921875,3369.771728515625,-0.036565272518948366
2022-04-18,3369.771728515625,3316.14111328125,-0.015915207187639127
2022-04-19,3316.14111328125,3397.232421875,0.02445351564472837
2022-04-20,3397.232421875,3465.85888671875,0.020200697603690504
2022-04-21,3465.85888671875,3450.481201171875,-0.004436904689282832
2022-04-22,3450.481201171875,3389.01806640625,-0.017812916860625264
2022-04-25,3389.01806640625,3387.203857421875,-0.0005353199507427843
2022-04-26,3387.203857421875,3401.43505859375,0.004201459897576666
2022-04-27,3401.43505859375,3423.49853515625,0.006486520007711589
2022-04-28,3423.49853515625,3387.585205078125,-0.010490242571839132
2022-04-29,3387.585205078125,3383.477783203125,-0.0012124925651590434
2022-05-02,3383.477783203125,3323.638916015625,-0.01768560960694436
2022-05-04,3323.638916015625,3355.779052734375,0.00967016500013773
2022-05-05,3355.779052734375,3278.604248046875,-0.02299758222300601
2022-05-06,3278.604248046875,3290.543701171875,0.0036416268087594143
2022-05-09,3290.543701171875,3284.478271484375,-0.0018432910297893608
2022-05-10,3284.478271484375,3258.92822265625,-0.007779028118392151
2022-05-11,3258.92822265625,3255.728515625,-0.0009818280160346763
2022-05-12,3255.728515625,3261.697998046875,0.0018335320015861465
2022-05-13,3261.697998046875,3225.307861328125,-0.011156807509628617
2022-05-16,3225.307861328125,3296.751708984375,0.022151016500741322
2022-05-17,3296.751708984375,3294.07763671875,-0.0008111233425124384
2022-05-18,3294.07763671875,3115.6103515625,-0.054178226756677876
2022-05-19,3115.6103515625,3145.26708984375,0.009518757140595885
2022-05-20,3145.26708984375,3172.726806640625,0.0087304880674662
2022-05-23,3172.726806640625,3140.4912109375,-0.010160217903304755
2022-05-24,3140.4912109375,3045.920654296875,-0.03011330084646019
2022-05-25,3045.920654296875,3102.942138671875,0.01872060727995652
2022-05-26,3102.942138671875,3135.97216796875,0.010644745477275497
2022-05-27,3135.97216796875,3245.543212890625,0.034940056560784784
2022-05-30,3245.543212890625,3235.062255859375,-0.0032293383091070273
2022-05-31,3235.062255859375,3226.26318359375,-0.0027199081716860435
2022-06-01,3226.26318359375,3291.457763671875,0.020207458712498603
2022-06-02,3291.457763671875,3307.94873046875,0.005010231933973855
2022-06-03,3307.94873046875,3299.10205078125,-0.0026743702542954433
2022-06-06,3299.10205078125,3233.475341796875,-0.019892294319551026
2022-06-07,3233.475341796875,3273.332275390625,0.0123263453036265
2022-06-08,3273.332275390625,3295.400390625,0.006741788910428132
2022-06-09,3295.400390625,3230.78271484375,-0.019608444535322376
2022-06-10,3230.78271484375,3095.874267578125,-0.041757202254980356
2022-06-13,3095.874267578125,3087.17236328125,-0.002810806752718166
2022-06-14,3087.17236328125,3083.08544921875,-0.0013238373442019799
2022-06-15,3083.08544921875,3021.256591796875,-0.020054214662633615
2022-06-16,3021.256591796875,2970.19677734375,-0.016900191328257052
2022-06-17,2970.19677734375,2992.79345703125,0.007607805603946629
2022-06-20,2992.79345703125,3088.518310546875,0.03198511854893616
2022-06-21,3088.518310546875,3099.095703125,0.0034247465983946496
2022-06-22,3099.095703125,3181.646240234375,0.02663697575590662
2022-06-23,3181.646240234375,3166.550048828125,-0.004744773700905838
2022-06-24,3166.550048828125,3187.31982421875,0.006559117989722432
2022-06-27,3187.31982421875,3190.636962890625,0.0010407297838986303
2022-06-28,3190.636962890625,3164.04931640625,-0.008333021523165505
2022-06-29,3164.04931640625,3141.549072265625,-0.007111217901679528
2022-06-30,3141.549072265625,3187.704345703125,0.014691883645864458
2022-07-01,3187.704345703125,3110.73095703125,-0.024146966068428366
2022-07-04,3110.73095703125,3092.701171875,-0.005795996312537702
2022-07-05,3092.701171875,3135.443115234375,0.013820262930046361
2022-07-06,3135.443115234375,3161.501220703125,0.008310820675438136
2022-07-07,3161.501220703125,3139.962646484375,-0.00681276795900138
2022-07-08,3139.962646484375,2994.140380859375,-0.046440764442936384
2022-07-11,2994.140380859375,2966.158203125,-0.009345646554602622
2022-07-12,2966.158203125,2921.974365234375,-0.014895981557583496
2022-07-13,2921.974365234375,2891.122802734375,-0.010558464463984221
2022-07-14,2891.122802734375,2887.121826171875,-0.0013838832991514385
2022-07-15,2887.121826171875,2953.548583984375,0.023007951105609322
2022-07-18,2953.548583984375,2963.913330078125,0.0035092519384826997
2022-07-19,2963.913330078125,3051.213134765625,0.029454236667979385
2022-07-20,3051.213134765625,3063.26416015625,0.003949584921916864
2022-07-21,3063.26416015625,3057.19091796875,-0.001982604786911429
2022-07-22,3057.19091796875,3053.093017578125,-0.001340413634797697
2022-07-25,3053.093017578125,3004.068359375,-0.016057374577474862
2022-07-26,3004.068359375,3074.39990234375,0.023412098046724398
2022-07-27,3074.39990234375,3143.478515625,0.022468974588695616
2022-07-28,3143.478515625,3183.392822265625,0.012697496242530885
2022-07-29,3183.392822265625,3180.404052734375,-0.0009388629359046203
2022-08-01,3180.404052734375,3173.655029296875,-0.0021220647834659496
2022-08-02,3173.655029296875,3219.642822265625,0.01449048259632006
2022-08-03,3219.642822265625,3234.538818359375,0.00462659894778883
2022-08-04,3234.538818359375,3244.276123046875,0.0030104151578675326
2022-08-05,3244.276123046875,3253.3388671875,0.00279345647438717
2022-08-08,3253.3388671875,3233.86376953125,-0.005986187867692416
2022-08-10,3233.86376953125,3299.663818359375,0.020347192558968788
2022-08-11,3299.663818359375,3279.4658203125,-0.006121229058091634
2022-08-12,3279.4658203125,3270.933837890625,-0.0026016378548692994
2022-08-16,3270.933837890625,3279.032470703125,0.0024759390479517263
2022-08-17,3279.032470703125,3259.894775390625,-0.005836384812742124
2022-08-18,3259.894775390625,3264.233154296875,0.0013308340315156776
2022-08-19,3264.233154296875,3234.153076171875,-0.009215051959570987
2022-08-22,3234.153076171875,3166.713134765625,-0.020852427147967808
2022-08-23,3166.713134765625,3138.51318359375,-0.008905117063583386
2022-08-24,3138.51318359375,3102.696533203125,-0.011411980226131532
2022-08-25,3102.696533203125,3106.55322265625,0.001243012138587552
2022-08-26,3106.55322265625,3020.12060546875,-0.027822673874422155
2022-08-29,3020.12060546875,3095.8994140625,0.02509131868989995
2022-08-30,3095.8994140625,3019.30078125,-0.024741964310780296
2022-09-01,3019.30078125,3018.047607421875,-0.00041505431850555216
2022-09-02,3018.047607421875,3020.939697265625,0.0009582651501712152
2022-09-05,3020.939697265625,3014.81787109375,-0.0020264642082780115
2022-09-06,3014.81787109375,3036.558837890625,0.007211369882515512
2022-09-07,3036.558837890625,3055.888916015625,0.006365784151387571
2022-09-08,3055.888916015625,3102.166259765625,0.015143660329884642
2022-09-09,3102.166259765625,3126.55810546875,0.007862842820348338
2022-09-12,3126.55810546875,3113.446533203125,-0.0041936122161590995
2022-09-13,3113.446533203125,3008.40625,-0.033737622304712965
2022-09-14,3008.40625,2992.93310546875,-0.005143302880470348
2022-09-15,2992.93310546875,2900.715576171875,-0.030811757579336872
2022-09-16,2900.715576171875,2920.09423828125,0.006680648826297323
2022-09-19,2920.09423828125,2931.181396484375,0.003796849450191318
2022-09-20,2931.181396484375,2893.484619140625,-0.012860608827881849
2022-09-21,2893.484619140625,2899.462158203125,0.0020658617028610124
2022-09-22,2899.462158203125,2875.02197265625,-0.008429213493174624
2022-09-23,2875.02197265625,2886.9287109375,0.004141442533132814
2022-09-26,2886.9287109375,2909.1513671875,0.007697680987343613
2022-09-27,2909.1513671875,2926.698486328125,0.006031696851026747
2022-09-28,2926.698486328125,2889.724853515625,-0.012633222378464962
2022-09-29,2889.724853515625,2896.714599609375,0.0024188275521270855
2022-09-30,2896.714599609375,2877.818115234375,-0.006523419455112427
2022-10-03,2877.818115234375,2980.20654296875,0.035578491633074
2022-10-04,2980.20654296875,2990.61865234375,0.003493754283428932
2022-10-06,2990.61865234375,2954.8984375,-0.011944088831170782
2022-10-07,2954.8984375,3006.623046875,0.017504699558730602
2022-10-10,3006.623046875,2959.3818359375,-0.01571238236419467
2022-10-11,2959.3818359375,2989.4619140625,0.010164311262480585
2022-10-12,2989.4619140625,2991.920654296875,0.0008224691616939582
2022-10-13,2991.920654296875,2987.919189453125,-0.0013374234500514773
2022-10-14,2987.919189453125,3007.83154296875,0.00666428783814248
2022-10-17,3007.83154296875,3039.680908203125,0.010588812830568119
2022-10-18,3039.680908203125,3017.593505859375,-0.007266355584937608
2022-10-19,3017.593505859375,3051.8603515625,0.011355686455643471
2022-10-20,3051.8603515625,3032.62451171875,-0.006302988219595821
2022-10-21,3032.62451171875,3056.11328125,0.007745360311005882
2022-10-24,3056.11328125,3056.500244140625,0.0001266192889508094
2022-10-25,3056.500244140625,3051.956787109375,-0.0014864899945484717
2022-10-27,3051.956787109375,3057.611572265625,0.0018528391948844935
2022-10-28,3057.611572265625,3086.5126953125,0.00945218918878564
2022-10-31,3086.5126953125,3150.84033203125,0.020841526690120103
2022-11-01,3150.84033203125,3133.44189453125,-0.005521840419245796
2022-11-02,3133.44189453125,3099.65869140625,-0.01078149978908539
2022-11-03,3099.65869140625,3109.953369140625,0.0033212294511382225
2022-11-04,3109.953369140625,3125.708740234375,0.005066111681958656
2022-11-07,3125.708740234375,3108.648681640625,-0.0054579808969887535
2022-11-09,3108.648681640625,3098.595458984375,-0.00323395265461271
2022-11-10,3098.595458984375,3205.212158203125,0.03440807315121274
2022-11-11,3205.212158203125,3224.109130859375,0.005895701040533878
2022-11-14,3224.109130859375,3221.30615234375,-0.000869380781437096
2022-11-15,3221.30615234375,3243.296142578125,0.006826420462511946
2022-11-16,3243.296142578125,3237.157958984375,-0.0018925757389735935
2022-11-17,3237.157958984375,3231.7939453125,-0.0016570132628183224
2022-11-18,3231.7939453125,3173.845458984375,-0.017930749085094174
2022-11-21,3173.845458984375,3204.2451171875,0.00957817845764073
2022-11-22,3204.2451171875,3197.81787109375,-0.002005853440885154
2022-11-23,3197.81787109375,3267.26806640625,0.021717995868459496
2022-11-24,3267.26806640625,3276.450927734375,0.002810562568324998
2022-11-25,3276.450927734375,3281.864013671875,0.001652118727516875
2022-11-28,3281.864013671875,3283.8935546875,0.0006184110637034811
2022-11-29,3283.8935546875,3277.5625,-0.0019279110549923024
2022-11-30,3277.5625,3359.57861328125,0.025023508562003013
2022-12-01,3359.57861328125,3324.2978515625,-0.01050154372910828
2022-12-02,3324.2978515625,3311.490478515625,-0.003852655092519831
2022-12-05,3311.490478515625,3272.29443359375,-0.011836375546350543
2022-12-06,3272.29443359375,3267.703125,-0.0014030854151188535
2022-12-07,3267.703125,3238.656494140625,-0.008889005441513295
2022-12-08,3238.656494140625,3182.786865234375,-0.017250865909159953
2022-12-09,3182.786865234375,3176.697021484375,-0.0019133683805596434
2022-12-12,3176.697021484375,3220.822998046875,0.013890520960630126
2022-12-13,3220.822998046875,3252.96240234375,0.009978631025785806
2022-12-14,3252.96240234375,3194.72412109375,-0.017903152279915527
2022-12-15,3194.72412109375,3132.0400390625,-0.01962112522247755
2022-12-16,3132.0400390625,3095.115966796875,-0.011789144393146813
2022-12-19,3095.115966796875,3135.616455078125,0.01308528944172771
2022-12-20,3135.616455078125,3159.39501953125,0.00758337787602041
2022-12-21,3159.39501953125,3150.84033203125,-0.0027076979760730373
2022-12-22,3150.84033203125,3120.53759765625,-0.009617350034193816
2022-12-23,3120.53759765625,3144.267822265625,0.0076045309074943114
2022-12-26,3144.267822265625,3150.647216796875,0.0020288966754280113
2022-12-27,3150.647216796875,3148.32763671875,-0.0007362233593652594
2022-12-28,3148.32763671875,3159.58837890625,0.0035767377118463345
2022-12-29,3159.58837890625,3147.940673828125,-0.0036864628177158535
2022-12-30,3147.940673828125,3152.531982421875,0.0014585117921446197
2023-01-02,3152.531982421875,3200.765625,0.01529996930945341
2023-01-03,3200.765625,3203.955322265625,0.0009965419650571886
2023-01-04,3203.955322265625,3200.5244140625,-0.001070835220229878
2023-01-05,3200.5244140625,3104.298095703125,-0.030065797322643355
2023-01-06,3104.298095703125,3209.078369140625,0.03375328986044661
2023-01-09,3209.078369140625,3176.648681640625,-0.010105607831785208
2023-01-10,3176.648681640625,3217.536376953125,0.012871330578294536
2023-01-11,3217.536376953125,3222.99755859375,0.0016973177614223324
2023-01-12,3222.99755859375,3261.855224609375,0.012056374635474213
2023-01-13,3261.855224609375,3230.365966796875,-0.009653787689571971
2023-01-16,3230.365966796875,3273.3369140625,0.013302191673420082
2023-01-17,3273.3369140625,3284.575927734375,0.0034335034757929615
2023-01-18,3284.575927734375,3268.201171875,-0.004985348556295951
2023-01-19,3268.201171875,3258.5126953125,-0.0029644676239258625
2023-01-20,3258.5126953125,3308.70166015625,0.015402415008524847
2023-01-23,3308.70166015625,3329.435791015625,0.006266545911061638
2023-01-24,3329.435791015625,3323.089599609375,-0.0019060861372893847
2023-01-25,3323.089599609375,3304.9716796875,-0.005452131030112681
2023-01-27,3304.9716796875,3326.868408203125,0.006625390665282625
2023-01-30,3326.868408203125,3254.249267578125,-0.02182807725305322
2023-01-31,3254.249267578125,3302.35546875,0.01478258031772611
2023-02-01,3302.35546875,3352.786376953125,0.015271193146937022
2023-02-02,3352.786376953125,3374.00537109375,0.006328764124813688
2023-02-03,3374.00537109375,3352.3505859375,-0.006418124091257797
2023-02-06,3352.3505859375,3364.558837890625,0.003641699052699438
2023-02-07,3364.558837890625,3410.6298828125,0.013693041834500584
2023-02-08,3410.6298828125,3430.73486328125,0.005894799834501795
2023-02-09,3430.73486328125,3427.537353515625,-0.00093201890937349
2023-02-10,3427.537353515625,3374.102294921875,-0.01558992742674027
2023-02-13,3374.102294921875,3391.251953125,0.005082732147432444
2023-02-14,3391.251953125,3411.162841796875,0.00587125018933711
2023-02-15,3411.162841796875,3447.400146484375,0.010623152973961079
2023-02-16,3447.400146484375,3392.26904296875,-0.015992081328837664
2023-02-17,3392.26904296875,3378.85009765625,-0.003955743233371722
2023-02-20,3378.85009765625,3343.6787109375,-0.010409277032783059
2023-02-21,3343.6787109375,3295.766845703125,-0.014329087623655527
2023-02-22,3295.766845703125,3307.6357421875,0.0036012548945472712
2023-02-23,3307.6357421875,3294.700927734375,-0.003910592175597479
2023-02-24,3294.700927734375,3228.234619140625,-0.020173700148090844
2023-02-27,3228.234619140625,3209.8251953125,-0.0057026288358885445
2023-02-28,3209.8251953125,3280.40966796875,0.021990129792528495
2023-03-01,3280.40966796875,3218.15771484375,-0.018976883812059607
2023-03-02,3218.15771484375,3238.214111328125,0.00623226027483516
2023-03-03,3238.214111328125,3266.989990234375,0.008886342260564057
2023-03-06,3266.989990234375,3284.96337890625,0.005501513235608531
2023-03-08,3284.96337890625,3233.078857421875,-0.015794550958327665
2023-03-09,3233.078857421875,3227.410888671875,-0.001753118002979908
2023-03-10,3227.410888671875,3179.88623046875,-0.014725320029728865
2023-03-13,3179.88623046875,3114.9697265625,-0.020414725308169467
2023-03-14,3114.9697265625,3099.4189453125,-0.00499227363829341
2023-03-15,3099.4189453125,3085.950927734375,-0.004345336276173237
2023-03-16,3085.950927734375,3080.428466796875,-0.0017895491752211521
2023-03-17,3080.428466796875,3045.548095703125,-0.011323220607040971
2023-03-20,3045.548095703125,3009.5048828125,-0.011834721290882689
2023-03-21,3009.5048828125,3033.4365234375,0.00795201920477861
2023-03-22,3033.4365234375,3027.4775390625,-0.0019644335159013844
2023-03-23,3027.4775390625,3023.45703125,-0.0013280058268392654
2023-03-24,3023.45703125,3025.200927734375,0.0005767889096323667
2023-03-27,3025.200927734375,3019.0,-0.0020497573161261
2023-03-28,3019.0,3041.284912109375,0.007381554193234515
2023-03-29,3041.284912109375,3106.201171875,0.021345010954794224
2023-03-31,3106.201171875,3100.484375,-0.0018404464355890905
2023-04-03,3100.484375,3139.04736328125,0.012437730243762315
2023-04-05,3139.04736328125,3120.54052734375,-0.005895685472599809
2023-04-06,3120.54052734375,3161.912841796875,0.01325806029135014
2023-04-10,3161.912841796875,3113.855712890625,-0.015198751929841223
2023-04-11,3113.855712890625,3140.839111328125,0.008665590485068117
2023-04-12,3140.839111328125,3089.681640625,-0.016287835476390487
2023-04-13,3089.681640625,3041.865966796875,-0.01547592256736605
2023-04-17,3041.865966796875,3033.388427734375,-0.0027869535196604865
2023-04-18,3033.388427734375,2993.518310546875,-0.013143755947298455
2023-04-19,2993.518310546875,3008.2451171875,0.004919564576818845
2023-04-20,3008.2451171875,3062.55224609375,0.018052760593200393
2023-04-21,3062.55224609375,3076.068115234375,0.004413269735353686
2023-04-24,3076.068115234375,3077.231201171875,0.0003781079917378166
2023-04-25,3077.231201171875,3098.69189453125,0.006974026960080969
2023-04-26,3098.69189453125,3088.809814453125,-0.0031891134757752017
2023-04-27,3088.809814453125,3119.13623046875,0.009818155806719457
2023-04-28,3119.13623046875,3119.281494140625,4.6571762546315424e-05
2023-05-02,3119.281494140625,3081.009521484375,-0.012269483446153065
2023-05-03,3081.009521484375,3120.54052734375,0.01283053673924697
2023-05-04,3120.54052734375,3130.2294921875,0.0031048995386697923
2023-05-05,3130.2294921875,3149.510986328125,0.006159770134665271
2023-05-08,3149.510986328125,3181.145751953125,0.010044342046217647
2023-05-09,3181.145751953125,3184.585205078125,0.0010811994775430463
2023-05-10,3184.585205078125,3180.079833984375,-0.0014147434606446565
2023-05-11,3180.079833984375,3172.47412109375,-0.0023916735703756456
2023-05-12,3172.47412109375,3153.82275390625,-0.005879123509152443
2023-05-15,3153.82275390625,3156.826171875,0.000952310324044063
2023-05-16,3156.826171875,3108.9140625,-0.015177303648158287
2023-05-17,3108.9140625,3100.33935546875,-0.0027581035882203644
2023-05-18,3100.33935546875,3122.6240234375,0.007187815723927651
2023-05-19,3122.6240234375,3196.115478515625,0.02353515970111025
2023-05-22,3196.115478515625,3194.516845703125,-0.0005001799288060939
2023-05-23,3194.516845703125,3200.620849609375,0.0019107753069013747
2023-05-24,3200.620849609375,3191.076904296875,-0.0029819043744793473
2023-05-25,3191.076904296875,3225.375732421875,0.010748355227295106
2023-05-26,3225.375732421875,3217.092041015625,-0.0025682872612270598
2023-05-29,3217.092041015625,3213.071044921875,-0.0012498853133467035
2023-05-30,3213.071044921875,3187.201416015625,-0.008051371583313064
2023-05-31,3187.201416015625,3220.628662109375,0.010487961609761698
2023-06-01,3220.628662109375,3202.80078125,-0.005535528224386631
2023-06-02,3202.80078125,3186.619873046875,-0.005052111982066477
2023-06-05,3186.619873046875,3131.780029296875,-0.01720940869472614
2023-06-06,3131.780029296875,3173.05517578125,0.013179452611057681
2023-06-07,3173.05517578125,3135.800537109375,-0.011740936292638653
2023-06-08,3135.800537109375,3109.49560546875,-0.008388585730925747
2023-06-09,3109.49560546875,3145.92626953125,0.011715940038129802
2023-06-12,3145.92626953125,3142.825439453125,-0.000985665210325171
2023-06-13,3142.825439453125,3149.947265625,0.0022660584588860434
2023-06-14,3149.947265625,3139.453857421875,-0.003331296468876897
2023-06-15,3139.453857421875,3099.04296875,-0.012871948595881097
2023-06-16,3099.04296875,3133.694580078125,0.011181391054445992
2023-06-19,3133.694580078125,3150.58154296875,0.00538883495474661
2023-06-20,3150.58154296875,3180.352783203125,0.009449442849945082
2023-06-21,3180.352783203125,3161.123779296875,-0.006046185821839334
2023-06-22,3161.123779296875,3139.502685546875,-0.0068396859027168985
2023-06-23,3139.502685546875,3113.440673828125,-0.008301318498222663
2023-06-26,3113.440673828125,3120.956787109375,0.0024140859160835006
2023-06-27,3120.956787109375,3138.6240234375,0.005660839778716823
2023-06-28,3138.6240234375,3223.35009765625,0.026994655487902586
2023-06-30,3223.35009765625,3194.115966796875,-0.009069486705968306
2023-07-03,3194.115966796875,3229.79248046875,0.01116944846171385
2023-07-04,3229.79248046875,3240.62744140625,0.003354692601156681
2023-07-05,3240.62744140625,3243.506591796875,0.0008884546103132456
2023-07-06,3243.506591796875,3249.705078125,0.00191104477598459
2023-07-07,3249.705078125,3193.774169921875,-0.0172110720383881
2023-07-10,3193.774169921875,3194.21337890625,0.00013752036337176082
2023-07-11,3194.21337890625,3182.011962890625,-0.0038198500125883766
2023-07-12,3182.011962890625,3260.735107421875,0.02474005297570779
2023-07-13,3260.735107421875,3430.675048828125,0.052117064345228066
2023-07-14,3430.675048828125,3408.27392578125,-0.006529654580525468
2023-07-17,3408.27392578125,3413.30078125,0.0014748977277692656
2023-07-18,3413.30078125,3387.14111328125,-0.007664038315184738
2023-07-19,3387.14111328125,3389.34326171875,0.0006501495992786366
2023-07-20,3389.34326171875,3296.3720703125,-0.027430444256361312
2023-07-21,3296.3720703125,3322.257080078125,0.007852575259555293
2023-07-24,3322.257080078125,3326.5625,0.0012959321985322567
2023-07-25,3326.5625,3315.944580078125,-0.003191859441052137
2023-07-26,3315.944580078125,3324.36083984375,0.0025381183437712066
2023-07-27,3324.36083984375,3283.747314453125,-0.012216942548431023
2023-07-28,3283.747314453125,3348.386962890625,0.01968472060958962
2023-07-31,3348.386962890625,3378.333251953125,0.008943497091103146
2023-08-01,3378.333251953125,3367.176513671875,-0.003302438643316175
2023-08-02,3367.176513671875,3327.345703125,-0.011829142423971076
2023-08-03,3327.345703125,3370.014892578125,0.012823792073378684
2023-08-04,3370.014892578125,3409.650146484375,0.011761150965101013
2023-08-07,3409.650146484375,3396.487060546875,-0.0038605385807902333
2023-08-08,3396.487060546875,3388.56005859375,-0.002333882570966915
2023-08-09,3388.56005859375,3368.595703125,-0.0058916929679668105
2023-08-10,3368.595703125,3375.153076171875,0.0019466191923215408
2023-08-11,3375.153076171875,3376.18017578125,0.00030431200783934354
2023-08-14,3376.18017578125,3384.5478515625,0.0024784446758128703
2023-08-16,3384.5478515625,3362.381591796875,-0.006549252880378628
2023-08-17,3362.381591796875,3295.197265625,-0.019981172373707688
2023-08-18,3295.197265625,3329.009521484375,0.010261071836912267
2023-08-21,3329.009521484375,3309.92578125,-0.005732558021001314
2023-08-22,3309.92578125,3325.682373046875,0.00476040637712562
2023-08-23,3325.682373046875,3315.406494140625,-0.003089855781036478
2023-08-24,3315.406494140625,3309.09423828125,-0.0019039161172335153
2023-08-25,3309.09423828125,3303.466796875,-0.0017005987140375016
2023-08-28,3303.466796875,3304.05419921875,0.0001778139088020102
2023-08-29,3304.05419921875,3318.5380859375,0.004383671043342674
2023-08-30,3318.5380859375,3285.117431640625,-0.010070896711566153
2023-08-31,3285.117431640625,3307.038818359375,0.006672938540222049
2023-09-01,3307.038818359375,3345.499755859375,0.011630022994129989
2023-09-04,3345.499755859375,3356.1181640625,0.0031739378203593373
2023-09-05,3356.1181640625,3356.656005859375,0.00016025710972701732
2023-09-06,3356.656005859375,3381.464599609375,0.007390865702858484
2023-09-07,3381.464599609375,3368.400146484375,-0.0038635486902655137
2023-09-08,3368.400146484375,3406.32275390625,0.011258343953421067
2023-09-11,3406.32275390625,3504.333984375,0.02877332465232609
2023-09-12,3504.333984375,3491.66064453125,-0.0036164760266165948
2023-09-13,3491.66064453125,3484.027099609375,-0.0021862218866632705
2023-09-14,3484.027099609375,3521.46044921875,0.010744276246752496
2023-09-15,3521.46044921875,3529.142822265625,0.002181587201576938
2023-09-18,3529.142822265625,3529.044921875,-2.7740557850858045e-05
2023-09-20,3529.044921875,3508.738037109375,-0.005754215436519818
2023-09-21,3508.738037109375,3526.69580078125,0.005118012083532247
2023-09-22,3526.69580078125,3500.76171875,-0.007353648711495038
2023-09-25,3500.76171875,3509.129150390625,0.0023901745713823443
2023-09-26,3509.129150390625,3512.65234375,0.0010040078915256822
2023-09-27,3512.65234375,3461.224609375,-0.01464071286943738
2023-09-28,3461.224609375,3453.248779296875,-0.0023043376198475635
2023-09-29,3453.248779296875,3438.8134765625,-0.004180209320833876
2023-10-03,3438.8134765625,3462.203125,0.006801662432962405
2023-10-04,3462.203125,3512.70166015625,0.01458566506153506
2023-10-05,3512.70166015625,3544.067138671875,0.008929160956478673
2023-10-06,3544.067138671875,3560.6552734375,0.004680536264287966
2023-10-09,3560.6552734375,3551.40673828125,-0.00259742503725202
2023-10-10,3551.40673828125,3532.812255859375,-0.005235807608698193
2023-10-11,3532.812255859375,3466.90087890625,-0.018656914712579797
2023-10-12,3466.90087890625,3494.596435546875,0.007988563160006608
2023-10-13,3494.596435546875,3448.795654296875,-0.01310617179829881
2023-10-16,3448.795654296875,3432.158935546875,-0.0048239212808309515
2023-10-17,3432.158935546875,3412.78173828125,-0.0056457750440794974
2023-10-18,3412.78173828125,3390.607177734375,-0.0064975032824814
2023-10-19,3390.607177734375,3428.77490234375,0.01125689960783924
2023-10-20,3428.77490234375,3345.963134765625,-0.024151998873276504
2023-10-23,3345.963134765625,3326.291015625,-0.005879359200412403
2023-10-25,3326.291015625,3273.94482421875,-0.015737105130115715
2023-10-26,3273.94482421875,3287.877685546875,0.004255679944590926
2023-10-27,3287.877685546875,3314.958251953125,0.008236488396540113
2023-10-30,3314.958251953125,3305.3427734375,-0.0029006333669389954
2023-10-31,3305.3427734375,3267.959716796875,-0.011309888021612736
2023-11-01,3267.959716796875,3296.85546875,0.008842138354583964
2023-11-02,3296.85546875,3287.828369140625,-0.0027380938275700685
2023-11-03,3287.828369140625,3316.626220703125,0.008758927878594589
2023-11-06,3316.626220703125,3307.010498046875,-0.00289924821682543
2023-11-07,3307.010498046875,3317.90185546875,0.003293414831403605
2023-11-08,3317.90185546875,3284.443359375,-0.010084233214614787
2023-11-09,3284.443359375,3270.70703125,-0.004182239308767955
2023-11-10,3270.70703125,3268.8427734375,-0.0005699861817912555
2023-11-13,3268.8427734375,3340.2236328125,0.021836736827796775
2023-11-15,3340.2236328125,3432.0126953125,0.027479915296184147
2023-11-16,3432.0126953125,3436.526123046875,0.0013150964565310363
2023-11-17,3436.526123046875,3453.353515625,0.004896628739491608
2023-11-20,3453.353515625,3444.1298828125,-0.0026709205329737795
2023-11-21,3444.1298828125,3463.70458984375,0.005683498502462155
2023-11-22,3463.70458984375,3442.216796875,-0.006203702541999786
2023-11-23,3442.216796875,3392.029541015625,-0.014579923003378886
2023-11-24,3392.029541015625,3404.833740234375,0.0037747900081425085
2023-11-28,3404.833740234375,3447.613525390625,0.012564427052847877
2023-11-29,3447.613525390625,3421.95556640625,-0.007442237592877489
2023-11-30,3421.95556640625,3445.552734375,0.006895813668770641
2023-12-01,3445.552734375,3446.337646484375,0.00022780441046344274
2023-12-04,3446.337646484375,3465.12744140625,0.005452105060292789
2023-12-05,3465.12744140625,3536.262939453125,0.020528970218193804
2023-12-06,3536.262939453125,3546.859619140625,0.0029965757266734107
2023-12-07,3546.859619140625,3558.437255859375,0.0032641936704433674
2023-12-08,3558.437255859375,3574.33251953125,0.004466922564308707
2023-12-11,3574.33251953125,3602.983154296875,0.008015660157265486
2023-12-12,3602.983154296875,3525.911376953125,-0.02139110121895383
2023-12-13,3525.911376953125,3598.22412109375,0.020508951136234518
2023-12-14,3598.22412109375,3788.327392578125,0.05283252657052097
2023-12-15,3788.327392578125,3786.56103515625,-0.0004662631390664774
2023-12-18,3786.56103515625,3744.37060546875,-0.011142149643379257
2023-12-19,3744.37060546875,3708.9013671875,-0.009472683667969795
2023-12-20,3708.9013671875,3716.210693359375,0.001970752373341689
2023-12-21,3716.210693359375,3752.02392578125,0.009637029591963367
2023-12-22,3752.02392578125,3724.109619140625,-0.007439799743497812
2023-12-26,3724.109619140625,3739.46435546875,0.00412306239569507
2023-12-27,3739.46435546875,3728.377197265625,-0.002964905438103902
2023-12-28,3728.377197265625,3721.999755859375,-0.0017105140034992133
2023-12-29,3721.999755859375,3739.366455078125,0.004665959257899035
2024-01-01,3739.366455078125,3711.991943359375,-0.007320628252835433
2024-01-02,3711.991943359375,3622.262939453125,-0.02417273670724746
2024-01-03,3622.262939453125,3597.78271484375,-0.0067582682479342395
2024-01-04,3597.78271484375,3667.544677734375,0.019390265733058513
2024-01-05,3667.544677734375,3609.066162109375,-0.015944867960306645
2024-01-08,3609.066162109375,3620.447998046875,0.003153678936949083
2024-01-09,3620.447998046875,3643.161865234375,0.006273772527530698
2024-01-10,3643.161865234375,3665.23876953125,0.006059819770169539
2024-01-11,3665.23876953125,3809.717041015625,0.039418515564499615
2024-01-12,3809.717041015625,3830.322021484375,0.0054085330345838385
2024-01-15,3830.322021484375,3788.621826171875,-0.010886864101399968
2024-01-16,3788.621826171875,3811.4833984375,0.006034271382722024
2024-01-17,3811.4833984375,3829.144287109375,0.004633599789288076
2024-01-18,3829.144287109375,3886.760009765625,0.015046631397571118
2024-01-19,3886.760009765625,3803.170654296875,-0.021506178734660417
2024-01-23,3803.170654296875,3786.95556640625,-0.0042635709423938075
2024-01-24,3786.95556640625,3755.9052734375,-0.008199275757073682
2024-01-25,3755.9052734375,3746.73779296875,-0.0024408178059186483
2024-01-29,3746.73779296875,3746.29443359375,-0.00011833210635449927
2024-01-30,3746.29443359375,3761.474365234375,0.004051985744767844
2024-01-31,3761.474365234375,3799.129150390625,0.010010645161981253
2024-02-01,3799.129150390625,3909.677978515625,0.029098465397954007
2024-02-02,3909.677978515625,3916.578369140625,0.0017649511450607625
2024-02-05,3916.578369140625,4076.955322265625,0.040948230319770136
2024-02-06,4076.955322265625,4025.1064453125,-0.01271754847789497
2024-02-07,4025.1064453125,4075.082275390625,0.01241602694416321
2024-02-08,4075.082275390625,4074.688232421875,-9.669570872951963e-05
2024-02-09,4074.688232421875,4061.874267578125,-0.0031447718482583774
2024-02-12,4061.874267578125,4090.26318359375,0.006989117374268645
2024-02-13,4090.26318359375,4041.568115234375,-0.011905118613074424
2024-02-14,4041.568115234375,4044.624267578125,0.0007561798432222564
2024-02-15,4044.624267578125,4069.365478515625,0.0061170603993618315
2024-02-16,4069.365478515625,4045.215087890625,-0.005934682139636495
2024-02-19,4045.215087890625,3973.109375,-0.01782493917479787
2024-02-20,3973.109375,3934.5185546875,-0.009713002253430287
2024-02-21,3934.5185546875,4028.753662109375,0.023950861105891938
2024-02-22,4028.753662109375,3994.253173828125,-0.00856356361664124
2024-02-23,3994.253173828125,3943.93212890625,-0.012598361378692201
2024-02-26,3943.93212890625,4045.806396484375,0.025830634059713715
2024-02-27,4045.806396484375,4060.149169921875,0.0035450963372748705
2024-02-28,4060.149169921875,4036.6396484375,-0.005790309789240421
2024-02-29,4036.6396484375,4035.900146484375,-0.00018319741605155317
2024-03-01,4035.900146484375,4022.44482421875,-0.003333908614499735
2024-03-04,4022.44482421875,3954.824462890625,-0.016810761684284484
2024-03-05,3954.824462890625,4006.279052734375,0.013010587530891642
2024-03-06,4006.279052734375,4049.947021484375,0.01089988195410293
2024-03-07,4049.947021484375,4063.500732421875,0.0033466390709803243
2024-03-11,4063.500732421875,4132.40234375,0.016956219738899655
2024-03-12,4132.40234375,4089.770263671875,-0.010316536612801838
2024-03-13,4089.770263671875,4147.5341796875,0.014124000198427635
2024-03-14,4147.5341796875,4159.01708984375,0.002768611338391717
2024-03-15,4159.01708984375,4093.22021484375,-0.015820294453868646
2024-03-18,4093.22021484375,3920.521240234375,-0.042191469196574224
2024-03-19,3920.521240234375,3914.212158203125,-0.0016092457213349603
2024-03-20,3914.212158203125,3916.233154296875,0.0005163225732449227
2024-03-21,3916.233154296875,3855.06884765625,-0.015618147395927071
2024-03-22,3855.06884765625,3822.145751953125,-0.008540209527811966
2024-03-26,3822.145751953125,3786.068115234375,-0.009439105429277323
2024-03-27,3786.068115234375,3820.963134765625,0.009216690896510676
2024-03-28,3820.963134765625,3860.835205078125,0.010435083748837509
2024-04-01,3860.835205078125,3828.35595703125,-0.00841249271767811
2024-04-02,3828.35595703125,3890.94921875,0.016349906440593573
2024-04-03,3890.94921875,3946.150146484375,0.014187008010376645
2024-04-04,3946.150146484375,3922.443359375,-0.006007573515796244
2024-04-05,3922.443359375,3915.839111328125,-0.00168370768977205
2024-04-08,3915.839111328125,3890.2099609375,-0.006544995762589548
2024-04-09,3890.2099609375,3927.765869140625,0.009653954048812937
2024-04-10,3927.765869140625,3944.27685546875,0.0042036584863286465
2024-04-12,3944.27685546875,3884.93603515625,-0.015044790841754377
2024-04-15,3884.93603515625,3817.5126953125,-0.0173550707742961
2024-04-16,3817.5126953125,3806.8671875,-0.0027885978809111893
2024-04-18,3806.8671875,3771.577880859375,-0.009269907486265569
2024-04-19,3771.577880859375,3809.43017578125,0.010036196021292326
2024-04-22,3809.43017578125,3819.3857421875,0.002613400416036837
2024-04-23,3819.3857421875,3776.35888671875,-0.011265386209486913
2024-04-24,3776.35888671875,3797.206787109375,0.005520635356969365
2024-04-25,3797.206787109375,3766.79736328125,-0.008008366552845595
2024-04-26,3766.79736328125,3814.9501953125,0.01278349414296716
2024-04-29,3814.9501953125,3766.107421875,-0.012802991110477412
2024-04-30,3766.107421875,3808.148681640625,0.011163053799642888
2024-05-02,3808.148681640625,3788.53271484375,-0.005151050664446237
2024-05-03,3788.53271484375,3865.07421875,0.020203469170625016
2024-05-06,3865.07421875,3922.147705078125,0.01476646581616823
2024-05-07,3922.147705078125,3920.17578125,-0.0005027663352840816
2024-05-08,3920.17578125,3903.6650390625,-0.004211735164139842
2024-05-09,3903.6650390625,3838.3115234375,-0.016741578739731016
2024-05-10,3838.3115234375,3891.442138671875,0.013842184228650752
2024-05-13,3891.442138671875,3845.50732421875,-0.011804059476213172
2024-05-14,3845.50732421875,3825.004150390625,-0.0053317214347759455
2024-05-15,3825.004150390625,3873.208984375,0.01260255730165734
2024-05-16,3873.208984375,3806.83447265625,-0.017136826849909963
2024-05-17,3806.83447265625,3793.033447265625,-0.0036253284690351195
2024-05-21,3793.033447265625,3804.74951171875,0.0030888376324682927
2024-05-22,3804.74951171875,3865.76220703125,0.016035929599196728
2024-05-23,3865.76220703125,3822.124755859375,-0.011288188159247077
2024-05-24,3822.124755859375,3819.6923828125,-0.0006363928972088458
2024-05-27,3819.6923828125,3812.593017578125,-0.001858622245686608
2024-05-28,3812.593017578125,3776.60107421875,-0.009440279409166566
2024-05-29,3776.60107421875,3709.531494140625,-0.01775924402923584
2024-05-30,3709.531494140625,3644.8447265625,-0.017437988511568296
2024-05-31,3644.8447265625,3676.517822265625,0.008689834020171363
2024-06-03,3676.517822265625,3688.58154296875,0.0032812898743656374
2024-06-04,3688.58154296875,3719.807861328125,0.008465671151800684
2024-06-05,3719.807861328125,3803.16064453125,0.02240781951930297
2024-06-06,3803.16064453125,3866.259033203125,0.01659103955090807
2024-06-07,3866.259033203125,3831.259521484375,-0.00905255220050622
2024-06-10,3831.259521484375,3824.70654296875,-0.001710397971966704
2024-06-11,3824.70654296875,3804.401611328125,-0.005308886162247691
2024-06-12,3804.401611328125,3850.571044921875,0.012135793827937148
2024-06-13,3850.571044921875,3804.799072265625,-0.011887060937783236
2024-06-14,3804.799072265625,3787.969482421875,-0.004423253245204501
2024-06-18,3787.969482421875,3774.664794921875,-0.003512353402460233
2024-06-19,3774.664794921875,3760.31787109375,-0.003800847123544898
2024-06-20,3760.31787109375,3783.650634765625,0.006204997681509378
2024-06-21,3783.650634765625,3789.65771484375,0.0015876413173377206
2024-06-24,3789.65771484375,3811.153564453125,0.0056722404045034674
2024-06-25,3811.153564453125,3828.429931640625,0.00453310707514853
2024-06-26,3828.429931640625,3906.1728515625,0.02030673704626462
2024-06-27,3906.1728515625,3876.38623046875,-0.007625525604130681
2024-06-28,3876.38623046875,3949.90966796875,0.0189670051250567
2024-07-01,3949.90966796875,3988.830810546875,0.009853679159741465
2024-07-02,3988.830810546875,3937.0517578125,-0.01298101002365553
2024-07-03,3937.0517578125,3992.355712890625,0.01404704801464254
2024-07-04,3992.355712890625,3983.27099609375,-0.002275527896360042
2024-07-05,3983.27099609375,3964.802978515625,-0.004636394961888337
2024-07-08,3964.802978515625,3957.157958984375,-0.0019282217988325372
2024-07-09,3957.157958984375,3881.350830078125,-0.019156963076021938
2024-07-10,3881.350830078125,3895.79736328125,0.003722037464681907
2024-07-11,3895.79736328125,4154.19677734375,0.06632773472716305
2024-07-12,4154.19677734375,4139.55224609375,-0.0035252377378627484
2024-07-15,4139.55224609375,4148.736328125,0.002218617252606601
2024-07-16,4148.736328125,4284.86083984375,0.03281107810972185
2024-07-18,4284.86083984375,4281.7255859375,-0.0007317049545917876
2024-07-19,4281.7255859375,4266.748046875,-0.0034980147050270648
2024-07-22,4266.748046875,4281.67626953125,0.0034987354519757847
2024-07-23,4281.67626953125,4285.55712890625,0.0009063878562273624
2024-07-24,4285.55712890625,4301.72900390625,0.0037735758767325892
2024-07-25,4301.72900390625,4366.76513671875,0.01511860295091647
2024-07-26,4366.76513671875,4360.0478515625,-0.0015382748890629516
2024-07-29,4360.0478515625,4344.37353515625,-0.003594987243232395
2024-07-30,4344.37353515625,4364.27734375,0.0045815140969534835
2024-07-31,4364.27734375,4375.970703125,0.0026793346192230064
2024-08-01,4375.970703125,4262.46826171875,-0.025937660260201195
2024-08-02,4262.46826171875,4135.08349609375,-0.029885211526158036
2024-08-05,4135.08349609375,4151.15673828125,0.003887041749624586
2024-08-06,4151.15673828125,4180.265625,0.007012235035674003
2024-08-07,4180.265625,4152.49951171875,-0.006642188743986813
2024-08-08,4152.49951171875,4208.4296875,0.013469038496792042
2024-08-09,4208.4296875,4175.48876953125,-0.00782736564818751
2024-08-12,4175.48876953125,4176.78271484375,0.00030989074187960544
2024-08-13,4176.78271484375,4274.6103515625,0.023421768235891975
2024-08-14,4274.6103515625,4394.82958984375,0.028124022634555736
2024-08-16,4394.82958984375,4468.42431640625,0.016745752038389395
2024-08-19,4468.42431640625,4501.564453125,0.00741651516779031
2024-08-20,4501.564453125,4529.62890625,0.006234377718510188
2024-08-21,4529.62890625,4480.36669921875,-0.010875550304634848
2024-08-22,4480.36669921875,4442.44970703125,-0.008462921616239951
2024-08-23,4442.44970703125,4480.81494140625,0.008636053732758695
2024-08-26,4480.81494140625,4475.5400390625,-0.0011772194149340467
2024-08-27,4475.5400390625,4484.3974609375,0.0019790733180113347
2024-08-28,4484.3974609375,4490.11962890625,0.0012760171279629915
2024-08-29,4490.11962890625,4531.86767578125,0.009297758261547572
2024-08-30,4531.86767578125,4499.32470703125,-0.0071809176874057575
2024-09-02,4499.32470703125,4490.6669921875,-0.0019242253910281893
2024-09-03,4490.6669921875,4457.72607421875,-0.007335417662021689
2024-09-04,4457.72607421875,4454.44189453125,-0.0007367387840392542
2024-09-05,4454.44189453125,4435.33447265625,-0.004289520960742202
2024-09-06,4435.33447265625,4428.1689453125,-0.0016155551262087076
2024-09-09,4428.1689453125,4486.18896484375,0.013102485530202703
2024-09-10,4486.18896484375,4457.82568359375,-0.0063223554496411784
2024-09-11,4457.82568359375,4495.99169921875,0.008561576502523049
2024-09-12,4495.99169921875,4500.86767578125,0.001084516362284939
2024-09-13,4500.86767578125,4491.5625,-0.0020674182072315268
2024-09-16,4491.5625,4483.9990234375,-0.0016839299380783414
2024-09-17,4483.9990234375,4325.265625,-0.035399962758201634
2024-09-18,4325.265625,4275.50537109375,-0.011504554452941835
2024-09-19,4275.50537109375,4264.3095703125,-0.0026185912095780892
2024-09-20,4264.3095703125,4247.98876953125,-0.003827302054914828
2024-09-23,4247.98876953125,4250.77490234375,0.0006558710400751458
2024-09-24,4250.77490234375,4254.208984375,0.0008078720021981287
2024-09-25,4254.208984375,4271.873046875,0.0041521379332508474
2024-09-26,4271.873046875,4287.99560546875,0.0037741193188182694
2024-09-27,4287.99560546875,4247.98876953125,-0.00932996197255351
2024-09-30,4247.98876953125,4267.29541015625,0.004544889751940285
2024-10-01,4267.29541015625,4212.41064453125,-0.012861721617484728
2024-10-03,4212.41064453125,4231.81689453125,0.004606922647770371
2024-10-04,4231.81689453125,4252.31787109375,0.004844485731174542
2024-10-07,4252.31787109375,4232.81201171875,-0.004587112244735092
2024-10-08,4232.81201171875,4232.513671875,-7.048265855512396e-05
2024-10-09,4232.513671875,4207.0859375,-0.006007714645782948
2024-10-10,4207.0859375,4129.26220703125,-0.018498250719117856
2024-10-11,4129.26220703125,4116.77197265625,-0.00302481018370105
2024-10-14,4116.77197265625,4097.017578125,-0.004798515599712447
2024-10-15,4097.017578125,4075.272705078125,-0.005307488345418948
2024-10-16,4075.272705078125,4089.25537109375,0.0034310994692947658
2024-10-17,4089.25537109375,4113.24755859375,0.005867128687926093
2024-10-18,4113.24755859375,4070.150634765625,-0.010477590569058554
2024-10-21,4070.150634765625,4005.95361328125,-0.015772640190765744
2024-10-22,4005.95361328125,4056.5830078125,0.01263853739179466
2024-10-23,4056.5830078125,4038.2763671875,-0.004512822883136761
2024-10-24,4038.2763671875,4047.903564453125,0.0023839867285581455
2024-10-25,4047.903564453125,4081.12451171875,0.00820695126172384
2024-10-28,4081.12451171875,4065.5615234375,-0.003813406877580343
2024-10-29,4065.5615234375,4074.939208984375,0.002306615086947697
2024-10-30,4074.939208984375,3959.015380859375,-0.028447989572313766
2024-10-31,3959.015380859375,3974.72802734375,0.003968826835162305
2024-11-01,3974.72802734375,3954.7255859375,-0.005032405052281609
2024-11-04,3954.7255859375,3961.90869140625,0.0018163347399607719
2024-11-05,3961.90869140625,4129.80810546875,0.04237841584453713
2024-11-06,4129.80810546875,4141.03173828125,0.002717712912044874
2024-11-07,4141.03173828125,4137.14111328125,-0.000939530350379497
2024-11-08,4137.14111328125,4188.71826171875,0.012466857432521348
2024-11-11,4188.71826171875,4187.4208984375,-0.00030972798841754875
2024-11-12,4187.4208984375,4140.48291015625,-0.01120928357088835
2024-11-13,4140.48291015625,4136.04345703125,-0.0010722066052030795
2024-11-14,4136.04345703125,4009.944091796875,-0.030487920773657928
2024-11-18,4009.944091796875,4029.946533203125,0.004988209548150286
2024-11-19,4029.946533203125,4063.167236328125,0.008243460018958407
2024-11-21,4063.167236328125,4234.5087890625,0.04216945618246715
2024-11-22,4234.5087890625,4304.84130859375,0.016609369122792938
2024-11-25,4304.84130859375,4342.35205078125,0.008713617877764122
2024-11-26,4342.35205078125,4322.24951171875,-0.004629412545876669
2024-11-27,4322.24951171875,4234.80810546875,-0.02023053181287278
2024-11-28,4234.80810546875,4260.69677734375,0.006113304600878577
2024-11-29,4260.69677734375,4266.482421875,0.0013579104155017926
2024-12-02,4266.482421875,4292.5205078125,0.0061029399310303465
2024-12-03,4292.5205078125,4344.0478515625,0.012003983127446655
2024-12-04,4344.0478515625,4453.43701171875,0.025181389315705644
2024-12-05,4453.43701171875,4434.93115234375,-0.00415541060226153
2024-12-06,4434.93115234375,4441.5654296875,0.0014959143932243347
2024-12-09,4441.5654296875,4422.01171875,-0.004402436764029786
2024-12-10,4422.01171875,4416.92431640625,-0.001150472379387563
2024-12-11,4416.92431640625,4444.35888671875,0.006211238487967038
2024-12-12,4444.35888671875,4463.263671875,0.004253658545160226
2024-12-13,4463.263671875,4404.70361328125,-0.013120456889599163
2024-12-16,4404.70361328125,4318.20947265625,-0.019636767469256997
2024-12-17,4318.20947265625,4337.513671875,0.0044704175054471025
2024-12-18,4337.513671875,4261.744140625,-0.017468424766312426
2024-12-19,4261.744140625,4160.38525390625,-0.02378342842137054
2024-12-20,4160.38525390625,4148.4140625,-0.002877423766226953
2024-12-23,4148.4140625,4169.5634765625,0.005098192645156188
2024-12-24,4169.5634765625,4159.1884765625,-0.0024882700691136687
2024-12-26,4159.1884765625,4154.94873046875,-0.0010193685902049046
2024-12-27,4154.94873046875,4148.91259765625,-0.0014527574716473144
2024-12-30,4148.91259765625,4085.065185546875,-0.015388950865208115
2024-12-31,4085.065185546875,4102.67333984375,0.004310372906452841
2025-01-01,4102.67333984375,4165.82275390625,0.01539225983439009
2025-01-02,4165.82275390625,4090.15283203125,-0.018164460262752435
2025-01-03,4090.15283203125,4085.2646484375,-0.0011951102549198466
2025-01-06,4085.2646484375,4018.72314453125,-0.016288174606191124
2025-01-07,4018.72314453125,4098.6328125,0.019884342636912546
2025-01-08,4098.6328125,4029.248291015625,-0.016928699070764833
2025-01-09,4029.248291015625,4255.5087890625,0.05615451858635474
2025-01-10,4255.5087890625,4280.8984375,0.005966301492022863
2025-01-13,4280.8984375,4222.986328125,-0.01352802693651851
2025-01-14,4222.986328125,4239.4970703125,0.003909731385474493
2025-01-15,4239.4970703125,4196.2998046875,-0.010189242947587615
2025-01-16,4196.2998046875,4124.2998046875,-0.01715797329818332
2025-01-17,4124.2998046875,4077.800048828125,-0.011274581883335784
2025-01-20,4077.800048828125,4035.85009765625,-0.010287397780558304
2025-01-21,4035.85009765625,4156.60009765625,0.029919347120975447
2025-01-22,4156.60009765625,4145.4501953125,-0.0026824573165065866
2025-01-23,4145.4501953125,4152.35009765625,0.0016644518734182643
2025-01-24,4152.35009765625,4065.14990234375,-0.021000203080592656
2025-01-27,4065.14990234375,4040.300048828125,-0.006112899674695364
2025-01-28,4040.300048828125,4099.7998046875,0.01472656860636692
2025-01-29,4099.7998046875,4100.0498046875,6.0978587226176964e-05
2025-01-30,4100.0498046875,4112.39990234375,0.0030121823501096
2025-01-31,4112.39990234375,4073.14990234375,-0.009544305255340205
2025-02-01,4073.14990234375,4068.64990234375,-0.001104796068863224
2025-02-03,4068.64990234375,4107.0498046875,0.009437996206463893
2025-02-04,4107.0498046875,4091.10009765625,-0.003883494914779489
2025-02-05,4091.10009765625,4082.75,-0.0020410396853975015
2025-02-06,4082.75,4029.39990234375,-0.013067196780662543
2025-02-07,4029.39990234375,4036.949951171875,0.0018737402618522478
2025-02-10,4036.949951171875,3963.550048828125,-0.01818201940364481
2025-02-11,3963.550048828125,3950.14990234375,-0.0033808445255628667
2025-02-12,3950.14990234375,3910.14990234375,-0.010126197989667867
2025-02-13,3910.14990234375,3934.85009765625,0.0063169433217111865
2025-02-14,3934.85009765625,3904.5,-0.00771315219208165
2025-02-17,3904.5,3873.199951171875,-0.008016403848924318
2025-02-18,3873.199951171875,3784.10009765625,-0.023004196694949085
2025-02-19,3784.10009765625,3779.39990234375,-0.0012420906400999144
2025-02-20,3779.39990234375,3786.0,0.0017463348221385697
2025-02-21,3786.0,3675.60009765625,-0.02916003759739831
2025-02-24,3675.60009765625,3629.550048828125,-0.012528579716136383
2025-02-25,3629.550048828125,3612.550048828125,-0.004683776162692343
2025-02-27,3612.550048828125,3483.25,-0.03579190518621843
2025-02-28,3483.25,3493.050048828125,0.0028134784549271514
2025-03-03,3493.050048828125,3532.050048828125,0.011165027541785156
2025-03-04,3532.050048828125,3547.050048828125,0.004246825439230893
2025-03-05,3547.050048828125,3601.60009765625,0.015378990450430001
2025-03-06,3601.60009765625,3611.199951171875,0.0026654412636961354
2025-03-07,3611.199951171875,3589.64990234375,-0.005967559016257676
2025-03-10,3589.64990234375,3575.300048828125,-0.0039975635245809655
2025-03-11,3575.300048828125,3506.199951171875,-0.01932707652855567
2025-03-12,3506.199951171875,3511.050048828125,0.0013832918041736197
2025-03-13,3511.050048828125,3497.699951171875,-0.003802309129915659
2025-03-17,3497.699951171875,3497.699951171875,0.0
2025-03-18,3497.699951171875,3497.10009765625,-0.00017149942076192788
2025-03-19,3497.10009765625,3563.14990234375,0.018887021487250667
